CodCurso;NomeCurso;Ano;Periodo;Vinculados;Matriculados;Ingressantes;Diplomados;Evadidos
298;ADMINISTRAÇÃO;2010;1;1501;1337;166;91;24
583;ADMINISTRAÇÃO - EAD;2010;1;351;345;0;0;6
299;AGRONOMIA;2010;1;495;441;47;31;20
300;ARQUITETURA E URBANISMO;2010;1;625;557;53;41;12
301;ARQUIVOLOGIA;2010;1;157;134;30;4;6
303;ARTES VISUAIS;2010;1;593;498;81;37;19
801;ARTES VISUAIS - ENSINO A DISTÂNCIA - EAD;2010;1;90;90;0;0;0
304;BIBLIOTECONOMIA;2010;1;401;352;38;15;12
361;BIOMEDICINA;2010;1;130;126;33;0;2
910;BIOTECNOLOGIA;2010;1;29;29;29;0;0
305;CIÊNCIA DA COMPUTAÇÃO;2010;1;605;525;73;32;16
306;CIÊNCIAS ATUARIAIS;2010;1;191;163;40;3;9
307;CIÊNCIAS BIOLÓGICAS;2010;1;586;495;47;14;30
585;CIÊNCIAS BIOLÓGICAS - CECLIMAR;2010;1;64;63;0;0;1
802;CIÊNCIAS BIOLÓGICAS - ENSINO A DISTANCIA - EAD;2010;1;49;22;0;0;0
308;CIÊNCIAS CONTÁBEIS;2010;1;727;630;71;41;31
309;CIÊNCIAS ECONÔMICAS;2010;1;831;711;82;42;19
310;CIÊNCIAS JURÍDICAS E SOCIAIS;2010;1;815;753;145;5;12
312;CIÊNCIAS SOCIAIS;2010;1;1129;902;160;51;67
313;COMUNICAÇÃO SOCIAL;2010;1;796;703;70;48;15
805;DANÇA;2010;1;59;52;30;0;0
524;DESIGN;2010;1;171;161;29;0;2
1481;DESIGN DE PRODUTO;2010;1;16;15;4;0;0
1482;DESIGN VISUAL;2010;1;20;19;7;0;0
314;EDUCAÇÃO FÍSICA;2010;1;831;710;73;37;35
315;ENFERMAGEM;2010;1;456;429;53;36;11
526;ENGENHARIA AMBIENTAL;2010;1;146;136;30;0;1
316;ENGENHARIA CARTOGRÁFICA;2010;1;187;158;34;3;14
317;ENGENHARIA CIVIL;2010;1;983;886;82;47;21
319;ENGENHARIA DE ALIMENTOS;2010;1;174;158;30;1;3
318;ENGENHARIA DE COMPUTAÇÃO;2010;1;243;215;29;12;8
714;ENGENHARIA DE CONTROLE E AUTOMAÇÃO;2010;1;87;79;30;0;0
909;ENGENHARIA DE ENERGIA;2010;1;29;29;29;0;0
320;ENGENHARIA DE MATERIAIS;2010;1;188;167;30;7;2
321;ENGENHARIA DE MINAS;2010;1;192;156;24;10;9
322;ENGENHARIA DE PRODUÇÃO;2010;1;352;314;33;19;2
323;ENGENHARIA ELÉTRICA;2010;1;569;500;39;21;13
911;ENGENHARIA FÍSICA;2010;1;29;29;29;0;0
324;ENGENHARIA MECÂNICA;2010;1;750;677;67;30;22
325;ENGENHARIA METALÚRGICA;2010;1;316;267;48;5;14
326;ENGENHARIA QUÍMICA;2010;1;455;421;42;22;7
327;ESTATÍSTICA;2010;1;236;193;45;8;10
328;FARMÁCIA;2010;1;838;710;55;74;41
329;FILOSOFIA;2010;1;326;251;69;5;20
330;FÍSICA;2010;1;647;511;102;15;58
812;FISIOTERAPIA;2010;1;59;58;30;0;0
730;FONOAUDIOLOGIA;2010;1;85;81;30;0;0
331;GEOGRAFIA;2010;1;440;355;31;22;14
332;GEOLOGIA;2010;1;243;228;42;2;5
333;HISTÓRIA;2010;1;623;521;106;5;25
908;HISTÓRIA DA ARTE;2010;1;29;29;29;0;0
1489;JORNALISMO;2010;1;7;5;0;0;0
334;LETRAS;2010;1;1376;1099;186;66;68
803;LETRAS - INGLÊS - ENSINO A DISTÂNCIA - EAD;2010;1;92;61;0;0;34
335;MATEMÁTICA;2010;1;660;523;92;7;58
800;MATEMÁTICA - ENSINO A DISTÂNCIA - EAD;2010;1;26;13;0;0;0
336;MEDICINA;2010;1;863;842;73;71;1
337;MEDICINA VETERINÁRIA;2010;1;498;476;40;29;4
731;MUSEOLOGIA;2010;1;85;76;30;0;3
338;MÚSICA;2010;1;268;229;29;10;8
673;MÚSICA - ENSINO A DISTÂNCIA - EAD;2010;1;640;421;0;0;1
339;NUTRIÇÃO;2010;1;173;160;29;0;4
340;ODONTOLOGIA;2010;1;443;431;48;32;2
341;PEDAGOGIA;2010;1;545;457;58;33;27
582;PEDAGOGIA - EAD;2010;1;351;337;0;0;2
914;POLÍTICAS PÚBLICAS;2010;1;44;44;44;0;0
342;PSICOLOGIA;2010;1;329;286;62;7;9
343;QUÍMICA;2010;1;513;431;36;19;36
357;RELAÇÕES INTERNACIONAIS;2010;1;211;184;59;2;4
1490;RELAÇÕES PÚBLICAS;2010;1;14;13;3;0;0
806;SAÚDE COLETIVA;2010;1;80;66;27;0;1
907;SERVIÇO SOCIAL;2010;1;31;31;31;0;0
302;TEATRO;2010;1;183;160;35;7;5
676;TECNOLOGIA EM DESENVOLVIMENTO RURAL - EAD;2010;1;625;610;0;0;117
298;ADMINISTRAÇÃO;2010;2;1526;1344;139;116;39
583;ADMINISTRAÇÃO - EAD;2010;2;345;345;0;247;5
299;AGRONOMIA;2010;2;487;428;43;48;15
300;ARQUITETURA E URBANISMO;2010;2;621;563;48;39;29
301;ARQUIVOLOGIA;2010;2;148;127;1;9;8
303;ARTES VISUAIS;2010;2;547;407;1;50;15
801;ARTES VISUAIS - ENSINO A DISTÂNCIA - EAD;2010;2;90;86;0;0;0
304;BIBLIOTECONOMIA;2010;2;413;371;38;35;13
361;BIOMEDICINA;2010;2;128;122;0;29;5
910;BIOTECNOLOGIA;2010;2;29;28;0;0;2
305;CIÊNCIA DA COMPUTAÇÃO;2010;2;588;494;30;34;36
306;CIÊNCIAS ATUARIAIS;2010;2;179;150;0;8;9
307;CIÊNCIAS BIOLÓGICAS;2010;2;599;505;50;59;28
585;CIÊNCIAS BIOLÓGICAS - CECLIMAR;2010;2;83;82;20;18;1
802;CIÊNCIAS BIOLÓGICAS - ENSINO A DISTANCIA - EAD;2010;2;49;24;0;0;28
308;CIÊNCIAS CONTÁBEIS;2010;2;727;641;69;46;19
309;CIÊNCIAS ECONÔMICAS;2010;2;844;707;72;63;42
310;CIÊNCIAS JURÍDICAS E SOCIAIS;2010;2;803;734;5;133;13
312;CIÊNCIAS SOCIAIS;2010;2;1034;796;2;67;58
313;COMUNICAÇÃO SOCIAL;2010;2;803;721;70;71;31
805;DANÇA;2010;2;59;42;0;0;4
524;DESIGN;2010;2;184;167;15;5;10
1481;DESIGN DE PRODUTO;2010;2;21;21;5;0;0
1482;DESIGN VISUAL;2010;2;29;28;9;0;0
314;EDUCAÇÃO FÍSICA;2010;2;837;722;78;69;38
315;ENFERMAGEM;2010;2;458;430;49;46;5
526;ENGENHARIA AMBIENTAL;2010;2;145;131;0;3;7
316;ENGENHARIA CARTOGRÁFICA;2010;2;170;134;0;7;15
317;ENGENHARIA CIVIL;2010;2;989;869;73;57;43
319;ENGENHARIA DE ALIMENTOS;2010;2;170;153;0;26;11
318;ENGENHARIA DE COMPUTAÇÃO;2010;2;254;221;31;12;15
714;ENGENHARIA DE CONTROLE E AUTOMAÇÃO;2010;2;87;77;0;0;8
909;ENGENHARIA DE ENERGIA;2010;2;30;23;1;0;7
320;ENGENHARIA DE MATERIAIS;2010;2;179;152;0;14;12
321;ENGENHARIA DE MINAS;2010;2;173;136;0;6;15
322;ENGENHARIA DE PRODUÇÃO;2010;2;360;318;27;23;10
323;ENGENHARIA ELÉTRICA;2010;2;571;503;34;37;31
911;ENGENHARIA FÍSICA;2010;2;29;26;0;0;4
324;ENGENHARIA MECÂNICA;2010;2;758;665;57;41;36
325;ENGENHARIA METALÚRGICA;2010;2;297;246;1;18;20
326;ENGENHARIA QUÍMICA;2010;2;460;421;35;36;18
327;ESTATÍSTICA;2010;2;219;167;1;10;32
328;FARMÁCIA;2010;2;822;691;56;76;44
329;FILOSOFIA;2010;2;304;218;3;15;34
330;FÍSICA;2010;2;604;486;28;19;72
812;FISIOTERAPIA;2010;2;59;55;0;0;3
730;FONOAUDIOLOGIA;2010;2;85;77;0;0;5
331;GEOGRAFIA;2010;2;446;359;32;37;26
332;GEOLOGIA;2010;2;236;224;0;22;6
333;HISTÓRIA;2010;2;600;501;4;48;22
908;HISTÓRIA DA ARTE;2010;2;29;25;0;0;1
1489;JORNALISMO;2010;2;8;7;1;0;0
334;LETRAS;2010;2;1243;973;1;64;86
803;LETRAS - INGLÊS - ENSINO A DISTÂNCIA - EAD;2010;2;58;40;0;0;7
335;MATEMÁTICA;2010;2;634;483;39;22;69
800;MATEMÁTICA - ENSINO A DISTÂNCIA - EAD;2010;2;26;11;0;0;0
336;MEDICINA;2010;2;863;848;72;59;3
337;MEDICINA VETERINÁRIA;2010;2;504;474;39;28;7
731;MUSEOLOGIA;2010;2;83;74;1;0;3
338;MÚSICA;2010;2;253;215;1;29;7
673;MÚSICA - ENSINO A DISTÂNCIA - EAD;2010;2;422;397;0;0;5
339;NUTRIÇÃO;2010;2;197;185;28;26;5
340;ODONTOLOGIA;2010;2;479;459;69;44;5
341;PEDAGOGIA;2010;2;545;461;59;34;25
582;PEDAGOGIA - EAD;2010;2;349;335;0;308;17
914;POLÍTICAS PÚBLICAS;2010;2;44;40;0;0;1
342;PSICOLOGIA;2010;2;344;293;31;38;12
343;QUÍMICA;2010;2;530;458;65;21;42
357;RELAÇÕES INTERNACIONAIS;2010;2;205;185;0;35;4
1490;RELAÇÕES PÚBLICAS;2010;2;16;14;2;0;0
806;SAÚDE COLETIVA;2010;2;108;85;29;0;4
907;SERVIÇO SOCIAL;2010;2;31;30;0;0;1
302;TEATRO;2010;2;172;147;1;23;8
676;TECNOLOGIA EM DESENVOLVIMENTO RURAL - EAD;2010;2;508;504;0;0;33
298;ADMINISTRAÇÃO;2011;1;1545;1380;172;100;37
583;ADMINISTRAÇÃO - EAD;2011;1;93;0;0;68;11
299;AGRONOMIA;2011;1;469;436;43;31;11
300;ARQUITETURA E URBANISMO;2011;1;603;552;51;40;18
301;ARQUIVOLOGIA;2011;1;162;142;31;6;9
303;ARTES VISUAIS;2011;1;594;477;91;1;20
801;ARTES VISUAIS - ENSINO A DISTÂNCIA - EAD;2011;1;90;73;0;0;17
304;BIBLIOTECONOMIA;2011;1;406;356;40;13;17
361;BIOMEDICINA;2011;1;130;127;36;0;2
910;BIOTECNOLOGIA;2011;1;58;56;31;0;3
305;CIÊNCIA DA COMPUTAÇÃO;2011;1;596;511;75;16;20
306;CIÊNCIAS ATUARIAIS;2011;1;209;179;46;2;11
307;CIÊNCIAS BIOLÓGICAS;2011;1;587;506;56;27;34
585;CIÊNCIAS BIOLÓGICAS - CECLIMAR;2011;1;64;62;0;0;0
802;CIÊNCIAS BIOLÓGICAS - ENSINO A DISTANCIA - EAD;2011;1;21;19;0;0;2
308;CIÊNCIAS CONTÁBEIS;2011;1;760;673;97;48;23
309;CIÊNCIAS ECONÔMICAS;2011;1;827;700;87;34;48
310;CIÊNCIAS JURÍDICAS E SOCIAIS;2011;1;812;756;152;9;5
312;CIÊNCIAS SOCIAIS;2011;1;1097;869;151;19;65
313;COMUNICAÇÃO SOCIAL;2011;1;773;700;68;57;16
805;DANÇA;2011;1;84;75;29;0;2
524;DESIGN;2011;1;181;163;12;1;9
1481;DESIGN DE PRODUTO;2011;1;34;34;13;0;0
1482;DESIGN VISUAL;2011;1;44;44;15;0;0
314;EDUCAÇÃO FÍSICA;2011;1;811;710;69;32;30
315;ENFERMAGEM;2011;1;463;433;56;47;14
526;ENGENHARIA AMBIENTAL;2011;1;163;145;29;0;4
316;ENGENHARIA CARTOGRÁFICA;2011;1;178;134;30;8;16
317;ENGENHARIA CIVIL;2011;1;982;877;93;48;31
319;ENGENHARIA DE ALIMENTOS;2011;1;167;154;34;0;14
318;ENGENHARIA DE COMPUTAÇÃO;2011;1;263;233;32;14;14
714;ENGENHARIA DE CONTROLE E AUTOMAÇÃO;2011;1;109;101;30;0;8
909;ENGENHARIA DE ENERGIA;2011;1;52;47;29;0;3
320;ENGENHARIA DE MATERIAIS;2011;1;185;163;32;9;17
321;ENGENHARIA DE MINAS;2011;1;183;148;30;9;15
322;ENGENHARIA DE PRODUÇÃO;2011;1;356;333;31;31;10
323;ENGENHARIA ELÉTRICA;2011;1;544;467;40;28;21
911;ENGENHARIA FÍSICA;2011;1;54;51;29;0;5
324;ENGENHARIA MECÂNICA;2011;1;749;658;66;29;32
325;ENGENHARIA METALÚRGICA;2011;1;322;273;57;6;22
326;ENGENHARIA QUÍMICA;2011;1;450;407;45;30;11
327;ESTATÍSTICA;2011;1;224;180;45;5;24
328;FARMÁCIA;2011;1;813;686;54;55;40
329;FILOSOFIA;2011;1;324;252;62;6;23
330;FÍSICA;2011;1;642;519;109;10;67
812;FISIOTERAPIA;2011;1;85;84;28;0;0
730;FONOAUDIOLOGIA;2011;1;108;101;28;0;4
331;GEOGRAFIA;2011;1;431;366;31;14;19
332;GEOLOGIA;2011;1;249;235;41;0;2
333;HISTÓRIA;2011;1;667;580;112;3;31
908;HISTÓRIA DA ARTE;2011;1;55;50;27;0;3
1489;JORNALISMO;2011;1;16;14;8;0;0
334;LETRAS;2011;1;1324;1115;214;65;84
803;LETRAS - INGLÊS - ENSINO A DISTÂNCIA - EAD;2011;1;51;36;0;0;11
335;MATEMÁTICA;2011;1;636;493;80;22;65
800;MATEMÁTICA - ENSINO A DISTÂNCIA - EAD;2011;1;26;11;0;0;14
336;MEDICINA;2011;1;873;865;72;67;0
337;MEDICINA VETERINÁRIA;2011;1;518;492;48;33;8
731;MUSEOLOGIA;2011;1;111;100;31;0;3
338;MÚSICA;2011;1;295;259;67;6;14
673;MÚSICA - ENSINO A DISTÂNCIA - EAD;2011;1;417;346;0;0;2
339;NUTRIÇÃO;2011;1;195;182;29;1;8
340;ODONTOLOGIA;2011;1;479;463;49;40;5
341;PEDAGOGIA;2011;1;547;462;58;30;32
582;PEDAGOGIA - EAD;2011;1;24;23;0;21;3
914;POLÍTICAS PÚBLICAS;2011;1;90;85;47;0;3
342;PSICOLOGIA;2011;1;349;305;52;5;15
343;QUÍMICA;2011;1;522;451;47;21;43
357;RELAÇÕES INTERNACIONAIS;2011;1;226;209;60;3;3
1490;RELAÇÕES PÚBLICAS;2011;1;19;16;3;0;0
806;SAÚDE COLETIVA;2011;1;134;114;30;0;10
907;SERVIÇO SOCIAL;2011;1;60;60;30;0;1
302;TEATRO;2011;1;182;165;39;2;10
676;TECNOLOGIA EM DESENVOLVIMENTO RURAL - EAD;2011;1;475;455;0;132;30
298;ADMINISTRAÇÃO;2011;2;1586;1406;176;111;49
583;ADMINISTRAÇÃO - EAD;2011;2;14;0;0;0;14
299;AGRONOMIA;2011;2;482;426;52;34;15
300;ARQUITETURA E URBANISMO;2011;2;597;563;52;52;12
301;ARQUIVOLOGIA;2011;2;153;138;6;12;3
303;ARTES VISUAIS;2011;2;583;467;9;50;32
801;ARTES VISUAIS - ENSINO A DISTÂNCIA - EAD;2011;2;73;70;0;0;5
304;BIBLIOTECONOMIA;2011;2;411;373;34;34;10
361;BIOMEDICINA;2011;2;130;125;2;20;3
910;BIOTECNOLOGIA;2011;2;57;52;2;0;2
305;CIÊNCIA DA COMPUTAÇÃO;2011;2;603;518;43;33;25
306;CIÊNCIAS ATUARIAIS;2011;2;205;174;9;2;8
307;CIÊNCIAS BIOLÓGICAS;2011;2;594;514;59;57;32
585;CIÊNCIAS BIOLÓGICAS - CECLIMAR;2011;2;84;82;19;17;2
802;CIÊNCIAS BIOLÓGICAS - ENSINO A DISTANCIA - EAD;2011;2;19;19;0;0;0
308;CIÊNCIAS CONTÁBEIS;2011;2;775;678;84;52;24
309;CIÊNCIAS ECONÔMICAS;2011;2;839;712;90;40;33
310;CIÊNCIAS JURÍDICAS E SOCIAIS;2011;2;805;756;7;106;14
312;CIÊNCIAS SOCIAIS;2011;2;1046;829;28;59;65
313;COMUNICAÇÃO SOCIAL;2011;2;751;673;50;70;27
805;DANÇA;2011;2;83;68;1;0;4
524;DESIGN;2011;2;185;158;14;12;10
1481;DESIGN DE PRODUTO;2011;2;54;52;20;0;0
1482;DESIGN VISUAL;2011;2;59;59;15;0;0
314;EDUCAÇÃO FÍSICA;2011;2;829;713;80;76;30
315;ENFERMAGEM;2011;2;454;426;52;30;8
526;ENGENHARIA AMBIENTAL;2011;2;159;145;0;13;8
316;ENGENHARIA CARTOGRÁFICA;2011;2;158;119;4;0;16
317;ENGENHARIA CIVIL;2011;2;991;893;89;37;33
319;ENGENHARIA DE ALIMENTOS;2011;2;160;146;7;21;4
318;ENGENHARIA DE COMPUTAÇÃO;2011;2;274;241;39;10;16
714;ENGENHARIA DE CONTROLE E AUTOMAÇÃO;2011;2;101;90;0;0;7
909;ENGENHARIA DE ENERGIA;2011;2;50;44;1;0;6
320;ENGENHARIA DE MATERIAIS;2011;2;165;143;6;9;10
321;ENGENHARIA DE MINAS;2011;2;163;136;4;7;16
322;ENGENHARIA DE PRODUÇÃO;2011;2;354;321;40;27;8
323;ENGENHARIA ELÉTRICA;2011;2;543;460;46;33;23
911;ENGENHARIA FÍSICA;2011;2;50;49;1;0;5
324;ENGENHARIA MECÂNICA;2011;2;759;678;65;38;38
325;ENGENHARIA METALÚRGICA;2011;2;299;246;6;16;23
326;ENGENHARIA QUÍMICA;2011;2;447;400;37;47;15
327;ESTATÍSTICA;2011;2;196;153;1;10;15
328;FARMÁCIA;2011;2;830;696;75;65;48
329;FILOSOFIA;2011;2;314;225;10;6;33
330;FÍSICA;2011;2;605;459;35;19;89
812;FISIOTERAPIA;2011;2;86;85;1;0;0
730;FONOAUDIOLOGIA;2011;2;104;100;0;4;3
331;GEOGRAFIA;2011;2;445;362;42;32;23
332;GEOLOGIA;2011;2;255;240;8;36;5
333;HISTÓRIA;2011;2;647;543;10;64;40
908;HISTÓRIA DA ARTE;2011;2;54;47;2;0;4
1489;JORNALISMO;2011;2;24;21;8;0;0
334;LETRAS;2011;2;1226;986;36;47;77
803;LETRAS - INGLÊS - ENSINO A DISTÂNCIA - EAD;2011;2;40;33;0;0;6
335;MATEMÁTICA;2011;2;604;478;43;37;65
800;MATEMÁTICA - ENSINO A DISTÂNCIA - EAD;2011;2;12;9;0;0;3
336;MEDICINA;2011;2;876;865;70;69;1
337;MEDICINA VETERINÁRIA;2011;2;526;507;49;35;9
731;MUSEOLOGIA;2011;2;108;100;0;6;1
338;MÚSICA;2011;2;276;236;1;39;10
673;MÚSICA - ENSINO A DISTÂNCIA - EAD;2011;2;415;345;0;0;91
339;NUTRIÇÃO;2011;2;219;201;33;21;5
340;ODONTOLOGIA;2011;2;509;493;75;37;6
341;PEDAGOGIA;2011;2;557;476;71;31;28
914;POLÍTICAS PÚBLICAS;2011;2;88;77;1;0;7
342;PSICOLOGIA;2011;2;368;329;36;30;11
343;QUÍMICA;2011;2;548;477;77;31;50
357;RELAÇÕES INTERNACIONAIS;2011;2;221;196;1;27;5
1490;RELAÇÕES PÚBLICAS;2011;2;31;29;12;0;0
806;SAÚDE COLETIVA;2011;2;150;131;26;0;5
907;SERVIÇO SOCIAL;2011;2;59;56;0;0;1
302;TEATRO;2011;2;171;153;1;20;4
676;TECNOLOGIA EM DESENVOLVIMENTO RURAL - EAD;2011;2;313;300;0;110;31
298;ADMINISTRAÇÃO;2012;1;1628;1451;189;74;47
299;AGRONOMIA;2012;1;476;426;42;23;14
300;ARQUITETURA E URBANISMO;2012;1;590;554;57;29;10
301;ARQUIVOLOGIA;2012;1;179;158;41;6;6
303;ARTES VISUAIS;2012;1;618;494;89;5;16
801;ARTES VISUAIS - ENSINO A DISTÂNCIA - EAD;2012;1;68;68;0;0;0
304;BIBLIOTECONOMIA;2012;1;403;366;33;36;8
361;BIOMEDICINA;2012;1;145;132;38;0;4
910;BIOTECNOLOGIA;2012;1;87;84;32;0;2
305;CIÊNCIA DA COMPUTAÇÃO;2012;1;630;546;82;30;29
306;CIÊNCIAS ATUARIAIS;2012;1;246;217;50;16;14
307;CIÊNCIAS BIOLÓGICAS;2012;1;594;526;67;17;23
585;CIÊNCIAS BIOLÓGICAS - CECLIMAR;2012;1;65;60;0;2;2
802;CIÊNCIAS BIOLÓGICAS - ENSINO A DISTANCIA - EAD;2012;1;19;19;0;0;0
308;CIÊNCIAS CONTÁBEIS;2012;1;785;696;84;35;22
309;CIÊNCIAS ECONÔMICAS;2012;1;856;741;90;48;49
310;CIÊNCIAS JURÍDICAS E SOCIAIS;2012;1;836;791;146;7;7
312;CIÊNCIAS SOCIAIS;2012;1;1132;890;183;20;63
313;COMUNICAÇÃO SOCIAL;2012;1;699;622;41;43;28
805;DANÇA;2012;1;114;102;35;0;2
524;DESIGN;2012;1;176;148;13;9;9
1481;DESIGN DE PRODUTO;2012;1;71;69;17;0;0
1482;DESIGN VISUAL;2012;1;72;71;13;0;0
314;EDUCAÇÃO FÍSICA;2012;1;826;694;77;35;36
315;ENFERMAGEM;2012;1;469;438;53;40;7
526;ENGENHARIA AMBIENTAL;2012;1;169;154;29;4;4
316;ENGENHARIA CARTOGRÁFICA;2012;1;174;146;30;1;15
317;ENGENHARIA CIVIL;2012;1;1016;926;95;29;33
319;ENGENHARIA DE ALIMENTOS;2012;1;173;160;38;0;3
318;ENGENHARIA DE COMPUTAÇÃO;2012;1;278;245;29;15;9
714;ENGENHARIA DE CONTROLE E AUTOMAÇÃO;2012;1;132;118;37;0;8
909;ENGENHARIA DE ENERGIA;2012;1;71;65;27;0;4
320;ENGENHARIA DE MATERIAIS;2012;1;181;153;33;3;3
321;ENGENHARIA DE MINAS;2012;1;179;163;38;7;8
322;ENGENHARIA DE PRODUÇÃO;2012;1;353;325;34;18;7
323;ENGENHARIA ELÉTRICA;2012;1;538;471;47;23;36
911;ENGENHARIA FÍSICA;2012;1;79;77;34;0;5
324;ENGENHARIA MECÂNICA;2012;1;750;671;66;40;22
325;ENGENHARIA METALÚRGICA;2012;1;336;287;70;13;22
326;ENGENHARIA QUÍMICA;2012;1;425;385;40;22;10
327;ESTATÍSTICA;2012;1;209;170;37;1;16
328;FARMÁCIA;2012;1;830;701;72;63;56
329;FILOSOFIA;2012;1;371;295;83;3;25
330;FÍSICA;2012;1;620;478;111;12;72
812;FISIOTERAPIA;2012;1;117;112;31;0;3
730;FONOAUDIOLOGIA;2012;1;127;120;30;0;3
331;GEOGRAFIA;2012;1;432;358;34;16;24
332;GEOLOGIA;2012;1;252;236;38;0;4
333;HISTÓRIA;2012;1;697;579;109;6;28
908;HISTÓRIA DA ARTE;2012;1;78;70;28;0;4
1489;JORNALISMO;2012;1;40;37;16;0;0
334;LETRAS;2012;1;1328;1104;212;49;94
803;LETRAS - INGLÊS - ENSINO A DISTÂNCIA - EAD;2012;1;34;32;0;0;1
335;MATEMÁTICA;2012;1;593;459;78;16;57
800;MATEMÁTICA - ENSINO A DISTÂNCIA - EAD;2012;1;14;14;5;0;0
336;MEDICINA;2012;1;876;858;70;72;4
337;MEDICINA VETERINÁRIA;2012;1;531;507;48;27;5
731;MUSEOLOGIA;2012;1;134;123;33;1;4
338;MÚSICA;2012;1;297;256;65;3;11
673;MÚSICA - ENSINO A DISTÂNCIA - EAD;2012;1;324;258;0;189;41
339;NUTRIÇÃO;2012;1;227;215;34;0;3
340;ODONTOLOGIA;2012;1;512;492;45;29;6
341;PEDAGOGIA;2012;1;562;493;61;33;18
914;POLÍTICAS PÚBLICAS;2012;1;133;122;52;0;2
342;PSICOLOGIA;2012;1;396;359;63;2;11
343;QUÍMICA;2012;1;535;461;52;25;42
357;RELAÇÕES INTERNACIONAIS;2012;1;252;223;63;2;3
1490;RELAÇÕES PÚBLICAS;2012;1;46;46;15;0;0
806;SAÚDE COLETIVA;2012;1;171;138;25;0;11
907;SERVIÇO SOCIAL;2012;1;84;79;26;0;1
302;TEATRO;2012;1;188;167;39;4;3
676;TECNOLOGIA EM DESENVOLVIMENTO RURAL - EAD;2012;1;172;171;0;0;5
1071;ZOOTECNIA;2012;1;24;24;24;0;1
298;ADMINISTRAÇÃO;2012;2;1697;1478;172;111;62
299;AGRONOMIA;2012;2;488;426;48;17;22
300;ARQUITETURA E URBANISMO;2012;2;608;552;57;39;11
301;ARQUIVOLOGIA;2012;2;167;140;1;21;10
303;ARTES VISUAIS;2012;2;611;452;7;45;39
801;ARTES VISUAIS - ENSINO A DISTÂNCIA - EAD;2012;2;68;67;0;66;1
304;BIBLIOTECONOMIA;2012;2;395;340;37;30;17
361;BIOMEDICINA;2012;2;141;111;0;13;2
910;BIOTECNOLOGIA;2012;2;86;74;1;0;10
305;CIÊNCIA DA COMPUTAÇÃO;2012;2;604;520;33;31;25
306;CIÊNCIAS ATUARIAIS;2012;2;221;182;7;1;13
307;CIÊNCIAS BIOLÓGICAS;2012;2;617;520;56;58;25
585;CIÊNCIAS BIOLÓGICAS - CECLIMAR;2012;2;81;78;20;12;1
802;CIÊNCIAS BIOLÓGICAS - ENSINO A DISTANCIA - EAD;2012;2;19;19;0;0;0
308;CIÊNCIAS CONTÁBEIS;2012;2;814;722;84;43;37
309;CIÊNCIAS ECONÔMICAS;2012;2;842;741;84;51;52
310;CIÊNCIAS JURÍDICAS E SOCIAIS;2012;2;963;909;143;143;11
312;CIÊNCIAS SOCIAIS;2012;2;1105;813;38;70;73
313;COMUNICAÇÃO SOCIAL;2012;2;666;583;36;44;25
805;DANÇA;2012;2;114;94;2;5;5
524;DESIGN;2012;2;170;134;11;12;10
1481;DESIGN DE PRODUTO;2012;2;91;90;20;0;0
1482;DESIGN VISUAL;2012;2;88;85;16;0;0
314;EDUCAÇÃO FÍSICA;2012;2;845;729;84;98;32
315;ENFERMAGEM;2012;2;472;437;50;33;10
526;ENGENHARIA AMBIENTAL;2012;2;164;140;3;11;3
316;ENGENHARIA CARTOGRÁFICA;2012;2;162;129;5;3;11
317;ENGENHARIA CIVIL;2012;2;1041;930;85;53;36
319;ENGENHARIA DE ALIMENTOS;2012;2;172;146;2;15;4
318;ENGENHARIA DE COMPUTAÇÃO;2012;2;285;236;30;10;14
714;ENGENHARIA DE CONTROLE E AUTOMAÇÃO;2012;2;125;113;1;2;3
909;ENGENHARIA DE ENERGIA;2012;2;72;62;5;0;8
320;ENGENHARIA DE MATERIAIS;2012;2;185;153;10;8;8
321;ENGENHARIA DE MINAS;2012;2;166;144;2;11;8
322;ENGENHARIA DE PRODUÇÃO;2012;2;369;324;41;29;4
323;ENGENHARIA ELÉTRICA;2012;2;528;466;49;35;15
911;ENGENHARIA FÍSICA;2012;2;77;74;3;0;1
1077;ENGENHARIA HÍDRICA;2012;2;22;22;22;0;1
324;ENGENHARIA MECÂNICA;2012;2;759;670;72;47;30
325;ENGENHARIA METALÚRGICA;2012;2;320;271;18;21;19
326;ENGENHARIA QUÍMICA;2012;2;430;373;38;33;13
327;ESTATÍSTICA;2012;2;192;149;1;13;21
328;FARMÁCIA;2012;2;812;670;64;44;46
329;FILOSOFIA;2012;2;353;240;8;7;42
330;FÍSICA;2012;2;582;423;34;20;70
812;FISIOTERAPIA;2012;2;116;106;2;0;3
730;FONOAUDIOLOGIA;2012;2;124;116;0;28;3
331;GEOGRAFIA;2012;2;443;369;41;27;25
332;GEOLOGIA;2012;2;247;220;0;30;5
333;HISTÓRIA;2012;2;700;556;32;52;45
908;HISTÓRIA DA ARTE;2012;2;79;67;5;0;2
1489;JORNALISMO;2012;2;60;57;20;0;0
334;LETRAS;2012;2;1184;942;4;63;72
803;LETRAS - INGLÊS - ENSINO A DISTÂNCIA - EAD;2012;2;33;31;0;0;1
335;MATEMÁTICA;2012;2;582;448;56;29;74
800;MATEMÁTICA - ENSINO A DISTÂNCIA - EAD;2012;2;14;14;0;13;0
336;MEDICINA;2012;2;868;854;69;77;2
337;MEDICINA VETERINÁRIA;2012;2;548;516;49;49;12
731;MUSEOLOGIA;2012;2;129;113;0;7;5
338;MÚSICA;2012;2;286;241;1;24;10
673;MÚSICA - ENSINO A DISTÂNCIA - EAD;2012;2;94;0;0;0;93
339;NUTRIÇÃO;2012;2;252;230;28;18;2
340;ODONTOLOGIA;2012;2;550;516;72;51;9
341;PEDAGOGIA;2012;2;554;466;44;31;25
914;POLÍTICAS PÚBLICAS;2012;2;140;110;9;0;6
342;PSICOLOGIA;2012;2;424;374;38;45;10
343;QUÍMICA;2012;2;564;476;78;21;45
357;RELAÇÕES INTERNACIONAIS;2012;2;246;211;0;24;9
1490;RELAÇÕES PÚBLICAS;2012;2;66;64;20;0;0
806;SAÚDE COLETIVA;2012;2;197;156;37;3;9
907;SERVIÇO SOCIAL;2012;2;85;81;2;0;0
302;TEATRO;2012;2;182;153;1;22;8
676;TECNOLOGIA EM DESENVOLVIMENTO RURAL - EAD;2012;2;167;163;0;0;5
1071;ZOOTECNIA;2012;2;45;42;22;0;1
298;ADMINISTRAÇÃO;2013;1;1714;1518;184;86;45
299;AGRONOMIA;2013;1;499;443;45;22;17
300;ARQUITETURA E URBANISMO;2013;1;615;562;56;38;14
301;ARQUIVOLOGIA;2013;1;166;142;29;2;3
303;ARTES VISUAIS;2013;1;633;506;84;3;29
801;ARTES VISUAIS - ENSINO A DISTÂNCIA - EAD;2013;1;1;0;0;0;1
304;BIBLIOTECONOMIA;2013;1;392;340;41;22;15
361;BIOMEDICINA;2013;1;162;128;36;1;7
910;BIOTECNOLOGIA;2013;1;107;94;31;0;5
305;CIÊNCIA DA COMPUTAÇÃO;2013;1;628;562;77;23;23
306;CIÊNCIAS ATUARIAIS;2013;1;248;217;39;13;14
307;CIÊNCIAS BIOLÓGICAS;2013;1;614;513;57;20;34
585;CIÊNCIAS BIOLÓGICAS - CECLIMAR;2013;1;68;62;0;0;1
802;CIÊNCIAS BIOLÓGICAS - ENSINO A DISTANCIA - EAD;2013;1;19;0;0;19;0
308;CIÊNCIAS CONTÁBEIS;2013;1;823;739;87;48;17
309;CIÊNCIAS ECONÔMICAS;2013;1;837;722;87;45;41
310;CIÊNCIAS JURÍDICAS E SOCIAIS;2013;1;961;880;150;2;10
312;CIÊNCIAS SOCIAIS;2013;1;1187;926;190;30;61
313;COMUNICAÇÃO SOCIAL;2013;1;634;569;36;41;19
805;DANÇA;2013;1;133;119;29;1;2
524;DESIGN;2013;1;158;121;10;7;12
1481;DESIGN DE PRODUTO;2013;1;111;107;20;0;0
1482;DESIGN VISUAL;2013;1;107;100;19;0;0
314;EDUCAÇÃO FÍSICA;2013;1;794;658;77;20;21
315;ENFERMAGEM;2013;1;485;455;56;39;12
526;ENGENHARIA AMBIENTAL;2013;1;182;164;31;6;8
316;ENGENHARIA CARTOGRÁFICA;2013;1;188;154;39;2;18
317;ENGENHARIA CIVIL;2013;1;1043;945;91;47;17
319;ENGENHARIA DE ALIMENTOS;2013;1;187;159;34;0;6
318;ENGENHARIA DE COMPUTAÇÃO;2013;1;292;248;31;10;10
714;ENGENHARIA DE CONTROLE E AUTOMAÇÃO;2013;1;152;138;32;0;4
909;ENGENHARIA DE ENERGIA;2013;1;100;92;36;0;3
320;ENGENHARIA DE MATERIAIS;2013;1;215;180;46;7;10
321;ENGENHARIA DE MINAS;2013;1;180;156;31;6;10
322;ENGENHARIA DE PRODUÇÃO;2013;1;377;332;41;30;9
323;ENGENHARIA ELÉTRICA;2013;1;526;451;48;28;22
911;ENGENHARIA FÍSICA;2013;1;114;110;38;0;6
1077;ENGENHARIA HÍDRICA;2013;1;23;23;2;0;0
324;ENGENHARIA MECÂNICA;2013;1;750;664;67;37;21
325;ENGENHARIA METALÚRGICA;2013;1;360;312;77;10;21
326;ENGENHARIA QUÍMICA;2013;1;436;381;51;19;12
327;ESTATÍSTICA;2013;1;204;158;41;5;18
328;FARMÁCIA;2013;1;795;629;54;51;70
329;FILOSOFIA;2013;1;398;313;85;3;28
330;FÍSICA;2013;1;616;463;102;22;54
812;FISIOTERAPIA;2013;1;145;138;32;0;2
730;FONOAUDIOLOGIA;2013;1;125;118;32;0;3
331;GEOGRAFIA;2013;1;456;389;45;11;27
332;GEOLOGIA;2013;1;257;233;44;0;6
333;HISTÓRIA;2013;1;782;634;144;4;35
908;HISTÓRIA DA ARTE;2013;1;112;102;35;0;5
1489;JORNALISMO;2013;1;81;78;21;0;0
334;LETRAS;2013;1;1264;1034;198;47;71
803;LETRAS - INGLÊS - ENSINO A DISTÂNCIA - EAD;2013;1;32;0;0;31;0
335;MATEMÁTICA;2013;1;580;429;82;20;59
800;MATEMÁTICA - ENSINO A DISTÂNCIA - EAD;2013;1;1;0;0;0;0
336;MEDICINA;2013;1;862;847;73;68;1
337;MEDICINA VETERINÁRIA;2013;1;533;507;45;30;4
731;MUSEOLOGIA;2013;1;146;131;28;3;6
338;MÚSICA;2013;1;317;276;64;4;12
673;MÚSICA - ENSINO A DISTÂNCIA - EAD;2013;1;1;0;0;0;0
339;NUTRIÇÃO;2013;1;263;238;31;7;3
340;ODONTOLOGIA;2013;1;537;496;43;31;15
341;PEDAGOGIA;2013;1;566;476;65;29;19
914;POLÍTICAS PÚBLICAS;2013;1;185;157;51;0;2
342;PSICOLOGIA;2013;1;435;386;62;8;16
343;QUÍMICA;2013;1;578;492;60;17;45
357;RELAÇÕES INTERNACIONAIS;2013;1;273;240;60;1;7
1490;RELAÇÕES PÚBLICAS;2013;1;92;91;26;0;0
806;SAÚDE COLETIVA;2013;1;227;189;41;11;13
907;SERVIÇO SOCIAL;2013;1;119;110;34;0;1
302;TEATRO;2013;1;196;168;38;4;4
676;TECNOLOGIA EM DESENVOLVIMENTO RURAL - EAD;2013;1;162;161;0;0;0
1071;ZOOTECNIA;2013;1;70;58;26;0;1
298;ADMINISTRAÇÃO;2013;2;1772;1551;186;104;52
299;AGRONOMIA;2013;2;509;451;49;23;16
300;ARQUITETURA E URBANISMO;2013;2;619;553;55;34;10
301;ARQUIVOLOGIA;2013;2;165;134;4;7;8
303;ARTES VISUAIS;2013;2;619;497;13;57;19
304;BIBLIOTECONOMIA;2013;2;394;339;39;29;10
361;BIOMEDICINA;2013;2;155;137;1;28;7
910;BIOTECNOLOGIA;2013;2;106;89;4;6;12
305;CIÊNCIA DA COMPUTAÇÃO;2013;2;616;542;36;33;24
306;CIÊNCIAS ATUARIAIS;2013;2;231;190;10;9;16
307;CIÊNCIAS BIOLÓGICAS;2013;2;624;519;59;40;25
585;CIÊNCIAS BIOLÓGICAS - CECLIMAR;2013;2;87;79;20;7;2
308;CIÊNCIAS CONTÁBEIS;2013;2;837;726;80;63;23
309;CIÊNCIAS ECONÔMICAS;2013;2;835;704;75;47;37
310;CIÊNCIAS JURÍDICAS E SOCIAIS;2013;2;1159;1078;209;116;19
312;CIÊNCIAS SOCIAIS;2013;2;1130;829;18;65;79
313;COMUNICAÇÃO SOCIAL;2013;2;606;562;33;74;22
805;DANÇA;2013;2;133;118;3;7;5
524;DESIGN;2013;2;149;112;9;17;11
1481;DESIGN DE PRODUTO;2013;2;129;114;18;0;0
1482;DESIGN VISUAL;2013;2;124;114;17;0;0
314;EDUCAÇÃO FÍSICA;2013;2;867;723;91;55;34
315;ENFERMAGEM;2013;2;486;452;51;43;11
526;ENGENHARIA AMBIENTAL;2013;2;170;150;2;11;9
316;ENGENHARIA CARTOGRÁFICA;2013;2;171;138;3;1;9
317;ENGENHARIA CIVIL;2013;2;1068;961;89;54;33
319;ENGENHARIA DE ALIMENTOS;2013;2;189;155;8;7;14
318;ENGENHARIA DE COMPUTAÇÃO;2013;2;303;262;30;11;6
714;ENGENHARIA DE CONTROLE E AUTOMAÇÃO;2013;2;149;134;1;4;6
909;ENGENHARIA DE ENERGIA;2013;2;103;94;6;0;8
320;ENGENHARIA DE MATERIAIS;2013;2;206;165;8;10;11
321;ENGENHARIA DE MINAS;2013;2;175;150;11;5;6
322;ENGENHARIA DE PRODUÇÃO;2013;2;370;329;31;24;5
323;ENGENHARIA ELÉTRICA;2013;2;529;446;53;19;17
911;ENGENHARIA FÍSICA;2013;2;116;109;8;0;8
1077;ENGENHARIA HÍDRICA;2013;2;48;47;25;0;4
324;ENGENHARIA MECÂNICA;2013;2;762;651;69;41;21
325;ENGENHARIA METALÚRGICA;2013;2;349;296;20;17;25
326;ENGENHARIA QUÍMICA;2013;2;454;384;50;16;10
327;ESTATÍSTICA;2013;2;197;148;16;13;18
328;FARMÁCIA;2013;2;758;631;73;49;41
329;FILOSOFIA;2013;2;388;263;19;17;37
330;FÍSICA;2013;2;590;405;37;13;68
812;FISIOTERAPIA;2013;2;143;132;0;16;3
730;FONOAUDIOLOGIA;2013;2;128;117;6;20;2
331;GEOGRAFIA;2013;2;468;395;45;22;26
332;GEOLOGIA;2013;2;255;234;4;23;4
333;HISTÓRIA;2013;2;767;582;22;39;40
908;HISTÓRIA DA ARTE;2013;2;109;90;2;5;4
1489;JORNALISMO;2013;2;102;100;21;0;0
334;LETRAS;2013;2;1148;919;3;66;86
803;LETRAS - INGLÊS - ENSINO A DISTÂNCIA - EAD;2013;2;1;0;0;0;0
335;MATEMÁTICA;2013;2;570;411;57;20;55
800;MATEMÁTICA - ENSINO A DISTÂNCIA - EAD;2013;2;1;0;0;0;0
336;MEDICINA;2013;2;868;849;75;68;0
337;MEDICINA VETERINÁRIA;2013;2;547;507;48;44;2
731;MUSEOLOGIA;2013;2;143;128;6;15;2
338;MÚSICA;2013;2;303;265;2;22;10
673;MÚSICA - ENSINO A DISTÂNCIA - EAD;2013;2;1;0;0;0;0
339;NUTRIÇÃO;2013;2;285;261;32;15;6
340;ODONTOLOGIA;2013;2;562;532;66;40;14
341;PEDAGOGIA;2013;2;587;504;72;36;23
914;POLÍTICAS PÚBLICAS;2013;2;185;148;2;12;9
342;PSICOLOGIA;2013;2;441;391;30;40;15
343;QUÍMICA;2013;2;636;552;91;28;37
357;RELAÇÕES INTERNACIONAIS;2013;2;266;236;1;33;9
1490;RELAÇÕES PÚBLICAS;2013;2;114;112;22;0;0
806;SAÚDE COLETIVA;2013;2;237;201;34;12;11
907;SERVIÇO SOCIAL;2013;2;118;103;0;0;3
302;TEATRO;2013;2;189;151;1;21;9
676;TECNOLOGIA EM DESENVOLVIMENTO RURAL - EAD;2013;2;162;161;0;147;2
1071;ZOOTECNIA;2013;2;91;76;22;0;4
298;ADMINISTRAÇÃO;2014;1;1798;1578;178;82;57
299;AGRONOMIA;2014;1;521;463;46;26;15
300;ARQUITETURA E URBANISMO;2014;1;640;574;65;33;12
301;ARQUIVOLOGIA;2014;1;186;150;36;7;8
303;ARTES VISUAIS;2014;1;639;502;88;1;29
1289;BACHARELADO EM DESENVOLVIMENTO RURAL - EAD;2014;1;406;406;406;0;1
304;BIBLIOTECONOMIA;2014;1;397;343;39;11;9
361;BIOMEDICINA;2014;1;159;141;39;1;3
910;BIOTECNOLOGIA;2014;1;120;105;32;0;3
305;CIÊNCIA DA COMPUTAÇÃO;2014;1;660;566;100;24;19
306;CIÊNCIAS ATUARIAIS;2014;1;256;217;48;13;13
307;CIÊNCIAS BIOLÓGICAS;2014;1;639;536;68;30;26
585;CIÊNCIAS BIOLÓGICAS - CECLIMAR;2014;1;78;66;0;0;7
308;CIÊNCIAS CONTÁBEIS;2014;1;843;720;89;47;22
309;CIÊNCIAS ECONÔMICAS;2014;1;844;712;88;41;40
310;CIÊNCIAS JURÍDICAS E SOCIAIS;2014;1;1174;1087;146;7;19
312;CIÊNCIAS SOCIAIS;2014;1;1182;887;172;24;80
313;COMUNICAÇÃO SOCIAL;2014;1;543;495;33;35;21
805;DANÇA;2014;1;154;133;33;1;2
524;DESIGN;2014;1;127;90;6;3;13
1481;DESIGN DE PRODUTO;2014;1;151;137;22;0;0
1482;DESIGN VISUAL;2014;1;143;136;19;0;0
314;EDUCAÇÃO FÍSICA;2014;1;878;746;77;41;35
315;ENFERMAGEM;2014;1;490;461;57;39;9
526;ENGENHARIA AMBIENTAL;2014;1;187;166;37;7;1
316;ENGENHARIA CARTOGRÁFICA;2014;1;196;156;33;2;12
317;ENGENHARIA CIVIL;2014;1;1066;973;84;35;27
319;ENGENHARIA DE ALIMENTOS;2014;1;207;171;39;0;9
318;ENGENHARIA DE COMPUTAÇÃO;2014;1;338;302;51;16;16
714;ENGENHARIA DE CONTROLE E AUTOMAÇÃO;2014;1;176;161;36;2;5
909;ENGENHARIA DE ENERGIA;2014;1;131;117;36;0;5
320;ENGENHARIA DE MATERIAIS;2014;1;230;200;45;12;12
321;ENGENHARIA DE MINAS;2014;1;200;171;36;10;15
322;ENGENHARIA DE PRODUÇÃO;2014;1;393;351;52;25;11
323;ENGENHARIA ELÉTRICA;2014;1;536;448;43;20;23
911;ENGENHARIA FÍSICA;2014;1;147;137;39;1;10
1077;ENGENHARIA HÍDRICA;2014;1;44;41;0;0;0
324;ENGENHARIA MECÂNICA;2014;1;782;671;82;14;26
325;ENGENHARIA METALÚRGICA;2014;1;377;320;65;13;27
326;ENGENHARIA QUÍMICA;2014;1;495;432;66;11;9
327;ESTATÍSTICA;2014;1;208;165;40;2;15
328;FARMÁCIA;2014;1;753;621;67;39;41
329;FILOSOFIA;2014;1;425;297;83;2;35
330;FÍSICA;2014;1;633;462;109;14;73
812;FISIOTERAPIA;2014;1;160;141;36;0;3
730;FONOAUDIOLOGIA;2014;1;135;123;29;0;6
331;GEOGRAFIA;2014;1;464;385;34;17;17
332;GEOLOGIA;2014;1;265;235;36;0;8
333;HISTÓRIA;2014;1;827;648;115;7;46
908;HISTÓRIA DA ARTE;2014;1;130;109;30;0;3
1489;JORNALISMO;2014;1;124;118;22;0;0
334;LETRAS;2014;1;1209;1017;190;56;67
803;LETRAS - INGLÊS - ENSINO A DISTÂNCIA - EAD;2014;1;1;0;0;0;0
335;MATEMÁTICA;2014;1;596;430;87;23;71
800;MATEMÁTICA - ENSINO A DISTÂNCIA - EAD;2014;1;1;0;0;0;0
336;MEDICINA;2014;1;877;841;77;54;0
337;MEDICINA VETERINÁRIA;2014;1;571;534;70;28;4
731;MUSEOLOGIA;2014;1;160;137;34;2;3
338;MÚSICA;2014;1;342;306;68;4;9
673;MÚSICA - ENSINO A DISTÂNCIA - EAD;2014;1;1;0;0;0;1
339;NUTRIÇÃO;2014;1;297;273;33;13;7
340;ODONTOLOGIA;2014;1;564;528;47;47;9
341;PEDAGOGIA;2014;1;593;497;61;40;26
914;POLÍTICAS PÚBLICAS;2014;1;213;185;49;1;10
342;PSICOLOGIA;2014;1;432;368;46;3;22
343;QUÍMICA;2014;1;649;534;62;15;44
357;RELAÇÕES INTERNACIONAIS;2014;1;285;252;61;4;7
1490;RELAÇÕES PÚBLICAS;2014;1;136;133;22;0;0
806;SAÚDE COLETIVA;2014;1;246;210;32;12;16
907;SERVIÇO SOCIAL;2014;1;148;132;33;7;0
302;TEATRO;2014;1;205;171;46;4;6
676;TECNOLOGIA EM DESENVOLVIMENTO RURAL - EAD;2014;1;13;0;0;0;0
1071;ZOOTECNIA;2014;1;115;99;28;0;4
298;ADMINISTRAÇÃO;2014;2;1845;1591;173;105;73
299;AGRONOMIA;2014;2;524;462;43;33;14
300;ARQUITETURA E URBANISMO;2014;2;647;553;51;29;10
301;ARQUIVOLOGIA;2014;2;171;127;1;12;14
303;ARTES VISUAIS;2014;2;612;478;3;48;34
1289;BACHARELADO EM DESENVOLVIMENTO RURAL - EAD;2014;2;437;371;31;0;131
304;BIBLIOTECONOMIA;2014;2;421;356;39;33;27
361;BIOMEDICINA;2014;2;158;133;3;32;7
910;BIOTECNOLOGIA;2014;2;119;93;2;14;10
305;CIÊNCIA DA COMPUTAÇÃO;2014;2;656;529;38;19;23
306;CIÊNCIAS ATUARIAIS;2014;2;239;177;9;10;9
307;CIÊNCIAS BIOLÓGICAS;2014;2;638;533;50;36;32
585;CIÊNCIAS BIOLÓGICAS - CECLIMAR;2014;2;91;85;19;10;3
308;CIÊNCIAS CONTÁBEIS;2014;2;855;723;81;52;25
309;CIÊNCIAS ECONÔMICAS;2014;2;861;707;87;56;44
310;CIÊNCIAS JURÍDICAS E SOCIAIS;2014;2;1372;1282;222;132;22
312;CIÊNCIAS SOCIAIS;2014;2;1125;829;22;56;77
313;COMUNICAÇÃO SOCIAL;2014;2;519;479;30;92;15
805;DANÇA;2014;2;155;129;4;12;4
524;DESIGN;2014;2;120;88;9;15;12
1481;DESIGN DE PRODUTO;2014;2;173;149;22;0;0
1482;DESIGN VISUAL;2014;2;164;143;21;0;0
1330;EDUCAÇÃO DO CAMPO - LITORAL;2014;2;46;46;46;0;0
1336;EDUCAÇÃO DO CAMPO - PORTO ALEGRE;2014;2;24;24;24;0;0
314;EDUCAÇÃO FÍSICA;2014;2;904;763;79;68;43
315;ENFERMAGEM;2014;2;493;455;51;38;9
526;ENGENHARIA AMBIENTAL;2014;2;182;156;3;22;4
316;ENGENHARIA CARTOGRÁFICA;2014;2;192;141;10;9;13
317;ENGENHARIA CIVIL;2014;2;1106;989;100;61;23
319;ENGENHARIA DE ALIMENTOS;2014;2;204;162;6;16;19
318;ENGENHARIA DE COMPUTAÇÃO;2014;2;341;291;35;28;12
714;ENGENHARIA DE CONTROLE E AUTOMAÇÃO;2014;2;170;159;1;13;3
909;ENGENHARIA DE ENERGIA;2014;2;129;111;3;0;12
320;ENGENHARIA DE MATERIAIS;2014;2;213;180;7;12;12
321;ENGENHARIA DE MINAS;2014;2;182;154;7;7;15
322;ENGENHARIA DE PRODUÇÃO;2014;2;392;332;33;20;6
323;ENGENHARIA ELÉTRICA;2014;2;539;456;45;24;32
911;ENGENHARIA FÍSICA;2014;2;139;113;3;2;12
1077;ENGENHARIA HÍDRICA;2014;2;69;64;25;0;3
324;ENGENHARIA MECÂNICA;2014;2;815;700;73;31;32
325;ENGENHARIA METALÚRGICA;2014;2;351;286;14;20;30
326;ENGENHARIA QUÍMICA;2014;2;540;472;62;24;9
327;ESTATÍSTICA;2014;2;202;151;11;9;15
328;FARMÁCIA;2014;2;741;592;61;21;49
329;FILOSOFIA;2014;2;406;275;16;20;28
330;FÍSICA;2014;2;597;426;38;9;75
812;FISIOTERAPIA;2014;2;157;135;0;13;1
730;FONOAUDIOLOGIA;2014;2;134;117;5;16;3
331;GEOGRAFIA;2014;2;485;389;42;32;30
332;GEOLOGIA;2014;2;264;233;7;25;11
333;HISTÓRIA;2014;2;801;597;19;45;60
908;HISTÓRIA DA ARTE;2014;2;132;99;5;4;3
1332;INTERDISCIPLINAR EM CIÊNCIA E TECNOLOGIA - LITORAL NORTE;2014;2;73;73;73;0;0
1489;JORNALISMO;2014;2;152;146;28;0;0
334;LETRAS;2014;2;1088;917;2;58;44
803;LETRAS - INGLÊS - ENSINO A DISTÂNCIA - EAD;2014;2;1;0;0;0;0
335;MATEMÁTICA;2014;2;570;397;52;18;63
800;MATEMÁTICA - ENSINO A DISTÂNCIA - EAD;2014;2;1;0;0;0;0
336;MEDICINA;2014;2;892;851;69;64;2
337;MEDICINA VETERINÁRIA;2014;2;586;537;47;44;8
731;MUSEOLOGIA;2014;2;156;128;1;14;11
338;MÚSICA;2014;2;330;288;1;29;12
339;NUTRIÇÃO;2014;2;306;274;29;21;7
340;ODONTOLOGIA;2014;2;584;544;74;36;10
341;PEDAGOGIA;2014;2;599;506;71;56;31
914;POLÍTICAS PÚBLICAS;2014;2;205;161;3;12;12
342;PSICOLOGIA;2014;2;440;385;32;36;12
343;QUÍMICA;2014;2;693;563;89;28;41
357;RELAÇÕES INTERNACIONAIS;2014;2;274;240;0;34;6
1490;RELAÇÕES PÚBLICAS;2014;2;165;156;29;0;0
806;SAÚDE COLETIVA;2014;2;249;204;31;10;11
907;SERVIÇO SOCIAL;2014;2;141;129;0;8;1
302;TEATRO;2014;2;203;169;8;21;8
676;TECNOLOGIA EM DESENVOLVIMENTO RURAL - EAD;2014;2;13;0;0;0;13
1071;ZOOTECNIA;2014;2;139;121;28;0;9
298;ADMINISTRAÇÃO;2015;1;1813;1555;132;76;51
1350;ADMINISTRAÇÃO PÚBLICA E SOCIAL;2015;1;30;30;30;0;1
299;AGRONOMIA;2015;1;529;456;51;22;20
300;ARQUITETURA E URBANISMO;2015;1;656;567;48;35;18
301;ARQUIVOLOGIA;2015;1;189;151;42;4;11
303;ARTES VISUAIS;2015;1;638;517;95;5;31
1289;BACHARELADO EM DESENVOLVIMENTO RURAL - EAD;2015;1;307;233;0;0;94
304;BIBLIOTECONOMIA;2015;1;402;337;38;16;18
361;BIOMEDICINA;2015;1;155;138;36;0;7
910;BIOTECNOLOGIA;2015;1;128;112;33;1;3
305;CIÊNCIA DA COMPUTAÇÃO;2015;1;701;572;85;39;20
306;CIÊNCIAS ATUARIAIS;2015;1;270;214;47;8;9
307;CIÊNCIAS BIOLÓGICAS;2015;1;616;506;43;21;28
585;CIÊNCIAS BIOLÓGICAS - CECLIMAR;2015;1;78;73;0;3;1
308;CIÊNCIAS CONTÁBEIS;2015;1;867;731;87;57;19
309;CIÊNCIAS ECONÔMICAS;2015;1;871;739;101;42;43
310;CIÊNCIAS JURÍDICAS E SOCIAIS;2015;1;1371;1278;147;5;11
312;CIÊNCIAS SOCIAIS;2015;1;1183;880;162;28;77
313;COMUNICAÇÃO SOCIAL;2015;1;450;402;37;58;10
805;DANÇA;2015;1;169;137;30;2;6
524;DESIGN;2015;1;100;69;7;13;17
1481;DESIGN DE PRODUTO;2015;1;195;169;22;0;0
1482;DESIGN VISUAL;2015;1;186;163;22;0;0
1330;EDUCAÇÃO DO CAMPO - LITORAL;2015;1;46;30;0;0;2
1336;EDUCAÇÃO DO CAMPO - PORTO ALEGRE;2015;1;24;10;0;0;0
314;EDUCAÇÃO FÍSICA;2015;1;895;746;77;42;40
315;ENFERMAGEM;2015;1;494;461;48;34;8
526;ENGENHARIA AMBIENTAL;2015;1;190;166;34;6;8
316;ENGENHARIA CARTOGRÁFICA;2015;1;211;163;39;3;14
317;ENGENHARIA CIVIL;2015;1;1121;1006;98;42;23
319;ENGENHARIA DE ALIMENTOS;2015;1;203;155;33;0;16
318;ENGENHARIA DE COMPUTAÇÃO;2015;1;358;309;56;9;9
714;ENGENHARIA DE CONTROLE E AUTOMAÇÃO;2015;1;193;175;39;4;9
909;ENGENHARIA DE ENERGIA;2015;1;153;135;35;1;5
320;ENGENHARIA DE MATERIAIS;2015;1;231;197;41;9;14
321;ENGENHARIA DE MINAS;2015;1;190;153;29;6;5
322;ENGENHARIA DE PRODUÇÃO;2015;1;406;350;40;22;6
323;ENGENHARIA ELÉTRICA;2015;1;524;446;41;25;16
911;ENGENHARIA FÍSICA;2015;1;159;128;34;0;10
1077;ENGENHARIA HÍDRICA;2015;1;67;59;1;0;1
324;ENGENHARIA MECÂNICA;2015;1;826;710;73;36;34
325;ENGENHARIA METALÚRGICA;2015;1;362;292;60;5;21
326;ENGENHARIA QUÍMICA;2015;1;575;524;68;36;15
327;ESTATÍSTICA;2015;1;223;175;44;5;9
328;FARMÁCIA;2015;1;746;600;73;37;49
329;FILOSOFIA;2015;1;459;322;82;5;24
330;FÍSICA;2015;1;630;436;99;4;66
812;FISIOTERAPIA;2015;1;174;157;31;0;1
730;FONOAUDIOLOGIA;2015;1;139;119;24;0;4
331;GEOGRAFIA;2015;1;486;398;49;8;20
332;GEOLOGIA;2015;1;267;238;38;0;7
333;HISTÓRIA;2015;1;845;652;124;8;49
908;HISTÓRIA DA ARTE;2015;1;153;120;28;0;6
1332;INTERDISCIPLINAR EM CIÊNCIA E TECNOLOGIA - LITORAL NORTE;2015;1;101;84;28;0;2
1489;JORNALISMO;2015;1;185;176;33;0;0
334;LETRAS;2015;1;1180;995;184;49;48
803;LETRAS - INGLÊS - ENSINO A DISTÂNCIA - EAD;2015;1;1;0;0;0;1
335;MATEMÁTICA;2015;1;591;422;89;16;72
800;MATEMÁTICA - ENSINO A DISTÂNCIA - EAD;2015;1;1;0;0;0;1
336;MEDICINA;2015;1;894;833;68;71;0
337;MEDICINA VETERINÁRIA;2015;1;587;543;51;25;5
731;MUSEOLOGIA;2015;1;165;140;34;5;6
338;MÚSICA;2015;1;359;321;61;7;5
339;NUTRIÇÃO;2015;1;319;291;41;30;9
340;ODONTOLOGIA;2015;1;597;560;57;33;10
341;PEDAGOGIA;2015;1;588;491;72;42;20
582;PEDAGOGIA - EAD;2015;1;190;190;190;0;0
914;POLÍTICAS PÚBLICAS;2015;1;246;212;65;1;12
342;PSICOLOGIA;2015;1;431;371;39;15;17
343;QUÍMICA;2015;1;696;523;59;17;43
357;RELAÇÕES INTERNACIONAIS;2015;1;296;255;59;12;11
1490;RELAÇÕES PÚBLICAS;2015;1;190;178;25;0;0
806;SAÚDE COLETIVA;2015;1;255;211;27;3;14
907;SERVIÇO SOCIAL;2015;1;164;151;32;10;2
302;TEATRO;2015;1;217;179;40;2;6
1071;ZOOTECNIA;2015;1;154;122;24;0;7
298;ADMINISTRAÇÃO;2015;2;1818;1552;128;70;63
1350;ADMINISTRAÇÃO PÚBLICA E SOCIAL;2015;2;63;60;34;0;0
299;AGRONOMIA;2015;2;530;466;40;30;18
300;ARQUITETURA E URBANISMO;2015;2;660;573;57;32;19
301;ARQUIVOLOGIA;2015;2;191;156;17;10;12
303;ARTES VISUAIS;2015;2;638;522;15;62;26
1289;BACHARELADO EM DESENVOLVIMENTO RURAL - EAD;2015;2;213;194;0;0;23
304;BIBLIOTECONOMIA;2015;2;403;335;35;28;13
361;BIOMEDICINA;2015;2;153;136;5;17;6
910;BIOTECNOLOGIA;2015;2;126;98;2;12;7
305;CIÊNCIA DA COMPUTAÇÃO;2015;2;677;553;35;25;18
306;CIÊNCIAS ATUARIAIS;2015;2;266;194;13;10;16
307;CIÊNCIAS BIOLÓGICAS;2015;2;634;530;54;48;23
585;CIÊNCIAS BIOLÓGICAS - CECLIMAR;2015;2;94;88;20;12;4
308;CIÊNCIAS CONTÁBEIS;2015;2;851;704;58;52;33
309;CIÊNCIAS ECONÔMICAS;2015;2;873;731;81;42;43
310;CIÊNCIAS JURÍDICAS E SOCIAIS;2015;2;1566;1467;208;120;18
312;CIÊNCIAS SOCIAIS;2015;2;1102;778;20;47;66
313;COMUNICAÇÃO SOCIAL;2015;2;402;351;19;84;21
805;DANÇA;2015;2;169;136;8;12;9
524;DESIGN;2015;2;72;43;2;25;17
1481;DESIGN DE PRODUTO;2015;2;214;195;19;0;0
1482;DESIGN VISUAL;2015;2;204;184;18;0;0
1330;EDUCAÇÃO DO CAMPO - LITORAL;2015;2;107;88;63;0;15
1336;EDUCAÇÃO DO CAMPO - PORTO ALEGRE;2015;2;81;66;57;0;15
314;EDUCAÇÃO FÍSICA;2015;2;921;770;74;83;28
315;ENFERMAGEM;2015;2;497;471;45;40;9
526;ENGENHARIA AMBIENTAL;2015;2;181;159;5;11;3
316;ENGENHARIA CARTOGRÁFICA;2015;2;210;154;16;2;17
317;ENGENHARIA CIVIL;2015;2;1138;1009;82;67;17
319;ENGENHARIA DE ALIMENTOS;2015;2;195;162;7;13;15
318;ENGENHARIA DE COMPUTAÇÃO;2015;2;371;324;31;12;15
714;ENGENHARIA DE CONTROLE E AUTOMAÇÃO;2015;2;182;159;2;7;1
909;ENGENHARIA DE ENERGIA;2015;2;151;128;4;1;11
320;ENGENHARIA DE MATERIAIS;2015;2;214;172;6;7;13
321;ENGENHARIA DE MINAS;2015;2;185;148;6;7;21
322;ENGENHARIA DE PRODUÇÃO;2015;2;412;359;34;24;6
323;ENGENHARIA ELÉTRICA;2015;2;533;447;49;29;23
911;ENGENHARIA FÍSICA;2015;2;152;124;3;3;6
1077;ENGENHARIA HÍDRICA;2015;2;92;87;26;0;6
324;ENGENHARIA MECÂNICA;2015;2;813;707;53;40;25
325;ENGENHARIA METALÚRGICA;2015;2;345;275;9;12;21
326;ENGENHARIA QUÍMICA;2015;2;572;507;48;37;14
327;ESTATÍSTICA;2015;2;221;168;12;13;24
328;FARMÁCIA;2015;2;715;589;54;27;53
329;FILOSOFIA;2015;2;455;294;20;10;47
330;FÍSICA;2015;2;620;449;44;26;67
812;FISIOTERAPIA;2015;2;174;161;1;22;3
730;FONOAUDIOLOGIA;2015;2;136;117;1;20;6
331;GEOGRAFIA;2015;2;518;422;51;15;18
332;GEOLOGIA;2015;2;268;243;7;58;9
333;HISTÓRIA;2015;2;831;656;36;41;53
908;HISTÓRIA DA ARTE;2015;2;147;114;0;6;11
1332;INTERDISCIPLINAR EM CIÊNCIA E TECNOLOGIA - LITORAL NORTE;2015;2;141;116;42;0;10
1489;JORNALISMO;2015;2;208;195;23;0;0
334;LETRAS;2015;2;1096;891;13;52;60
335;MATEMÁTICA;2015;2;567;405;42;18;62
336;MEDICINA;2015;2;890;857;67;59;0
337;MEDICINA VETERINÁRIA;2015;2;596;556;39;39;10
731;MUSEOLOGIA;2015;2;162;131;8;10;9
338;MÚSICA;2015;2;352;305;5;42;10
339;NUTRIÇÃO;2015;2;306;281;26;21;8
340;ODONTOLOGIA;2015;2;617;575;62;33;9
341;PEDAGOGIA;2015;2;597;483;70;38;17
582;PEDAGOGIA - EAD;2015;2;310;245;119;0;50
914;POLÍTICAS PÚBLICAS;2015;2;236;194;3;15;11
342;PSICOLOGIA;2015;2;428;376;28;38;15
343;QUÍMICA;2015;2;710;542;60;22;47
357;RELAÇÕES INTERNACIONAIS;2015;2;276;256;3;42;4
1490;RELAÇÕES PÚBLICAS;2015;2;213;195;23;0;0
806;SAÚDE COLETIVA;2015;2;265;217;27;24;10
907;SERVIÇO SOCIAL;2015;2;153;132;1;3;6
302;TEATRO;2015;2;209;168;0;26;11
1071;ZOOTECNIA;2015;2;171;143;23;0;5
298;ADMINISTRAÇÃO;2016;1;1833;1579;143;60;69
1350;ADMINISTRAÇÃO PÚBLICA E SOCIAL;2016;1;101;88;38;0;6
299;AGRONOMIA;2016;1;532;479;50;23;18
300;ARQUITETURA E URBANISMO;2016;1;666;589;56;28;23
301;ARQUIVOLOGIA;2016;1;192;163;22;8;12
303;ARTES VISUAIS;2016;1;655;520;89;3;26
1289;BACHARELADO EM DESENVOLVIMENTO RURAL - EAD;2016;1;190;185;0;0;8
304;BIBLIOTECONOMIA;2016;1;405;333;42;22;22
361;BIOMEDICINA;2016;1;160;147;30;0;4
910;BIOTECNOLOGIA;2016;1;136;116;28;3;12
305;CIÊNCIA DA COMPUTAÇÃO;2016;1;729;601;93;16;40
306;CIÊNCIAS ATUARIAIS;2016;1;286;224;46;12;24
307;CIÊNCIAS BIOLÓGICAS;2016;1;637;556;53;17;26
585;CIÊNCIAS BIOLÓGICAS - CECLIMAR;2016;1;78;72;0;1;4
308;CIÊNCIAS CONTÁBEIS;2016;1;859;734;87;56;47
309;CIÊNCIAS ECONÔMICAS;2016;1;885;736;86;18;59
310;CIÊNCIAS JURÍDICAS E SOCIAIS;2016;1;1578;1475;146;4;24
312;CIÊNCIAS SOCIAIS;2016;1;1145;854;149;21;81
313;COMUNICAÇÃO SOCIAL;2016;1;324;286;27;52;21
805;DANÇA;2016;1;179;148;31;2;13
524;DESIGN;2016;1;30;9;0;0;30
1481;DESIGN DE PRODUTO;2016;1;237;210;23;5;0
1482;DESIGN VISUAL;2016;1;228;208;24;4;0
1330;EDUCAÇÃO DO CAMPO - LITORAL;2016;1;92;70;0;0;16
1336;EDUCAÇÃO DO CAMPO - PORTO ALEGRE;2016;1;66;40;0;0;18
314;EDUCAÇÃO FÍSICA;2016;1;949;814;84;43;34
315;ENFERMAGEM;2016;1;501;477;52;50;11
526;ENGENHARIA AMBIENTAL;2016;1;201;178;34;8;9
316;ENGENHARIA CARTOGRÁFICA;2016;1;217;163;25;0;19
317;ENGENHARIA CIVIL;2016;1;1132;1020;78;57;30
319;ENGENHARIA DE ALIMENTOS;2016;1;197;158;28;0;19
318;ENGENHARIA DE COMPUTAÇÃO;2016;1;393;340;49;13;24
714;ENGENHARIA DE CONTROLE E AUTOMAÇÃO;2016;1;209;185;35;1;12
909;ENGENHARIA DE ENERGIA;2016;1;172;152;32;1;9
320;ENGENHARIA DE MATERIAIS;2016;1;224;190;27;6;17
321;ENGENHARIA DE MINAS;2016;1;188;161;28;1;12
322;ENGENHARIA DE PRODUÇÃO;2016;1;417;372;34;16;8
323;ENGENHARIA ELÉTRICA;2016;1;526;451;43;17;21
911;ENGENHARIA FÍSICA;2016;1;176;147;33;1;13
1077;ENGENHARIA HÍDRICA;2016;1;92;87;6;0;5
324;ENGENHARIA MECÂNICA;2016;1;818;730;68;31;25
325;ENGENHARIA METALÚRGICA;2016;1;371;302;54;7;45
326;ENGENHARIA QUÍMICA;2016;1;584;523;63;25;28
327;ESTATÍSTICA;2016;1;225;181;40;8;17
328;FARMÁCIA;2016;1;697;594;61;36;45
329;FILOSOFIA;2016;1;495;350;81;3;50
330;FÍSICA;2016;1;636;480;98;8;64
812;FISIOTERAPIA;2016;1;177;169;28;0;3
730;FONOAUDIOLOGIA;2016;1;139;123;29;0;5
331;GEOGRAFIA;2016;1;535;436;42;22;37
332;GEOLOGIA;2016;1;236;220;35;0;4
333;HISTÓRIA;2016;1;889;722;120;16;56
908;HISTÓRIA DA ARTE;2016;1;156;129;25;1;6
1332;INTERDISCIPLINAR EM CIÊNCIA E TECNOLOGIA - LITORAL NORTE;2016;1;162;142;31;0;17
1489;JORNALISMO;2016;1;232;215;24;0;0
334;LETRAS;2016;1;1213;1022;202;62;68
335;MATEMÁTICA;2016;1;586;420;80;15;69
336;MEDICINA;2016;1;901;862;70;57;0
337;MEDICINA VETERINÁRIA;2016;1;606;562;59;24;11
731;MUSEOLOGIA;2016;1;167;131;23;6;13
338;MÚSICA;2016;1;364;322;61;7;14
339;NUTRIÇÃO;2016;1;320;294;43;26;12
340;ODONTOLOGIA;2016;1;625;582;48;39;21
341;PEDAGOGIA;2016;1;622;503;79;36;37
582;PEDAGOGIA - EAD;2016;1;260;215;0;0;0
914;POLÍTICAS PÚBLICAS;2016;1;246;204;36;1;14
342;PSICOLOGIA;2016;1;413;369;38;16;11
343;QUÍMICA;2016;1;711;543;61;11;82
357;RELAÇÕES INTERNACIONAIS;2016;1;289;263;59;7;5
1490;RELAÇÕES PÚBLICAS;2016;1;241;219;28;0;1
806;SAÚDE COLETIVA;2016;1;263;213;32;9;15
907;SERVIÇO SOCIAL;2016;1;172;154;28;15;6
302;TEATRO;2016;1;208;180;33;0;8
1071;ZOOTECNIA;2016;1;201;162;35;0;12
298;ADMINISTRAÇÃO;2016;2;1850;1621;135;104;85
1350;ADMINISTRAÇÃO PÚBLICA E SOCIAL;2016;2;128;110;33;0;6
299;AGRONOMIA;2016;2;537;474;45;35;15
300;ARQUITETURA E URBANISMO;2016;2;670;611;55;51;19
301;ARQUIVOLOGIA;2016;2;179;143;7;7;15
303;ARTES VISUAIS;2016;2;632;494;6;47;41
1289;BACHARELADO EM DESENVOLVIMENTO RURAL - EAD;2016;2;183;178;0;0;10
304;BIBLIOTECONOMIA;2016;2;394;331;32;33;26
361;BIOMEDICINA;2016;2;162;153;6;21;7
910;BIOTECNOLOGIA;2016;2;126;104;5;19;11
305;CIÊNCIA DA COMPUTAÇÃO;2016;2;716;597;42;45;52
306;CIÊNCIAS ATUARIAIS;2016;2;260;206;10;19;25
307;CIÊNCIAS BIOLÓGICAS;2016;2;676;606;70;55;35
585;CIÊNCIAS BIOLÓGICAS - CECLIMAR;2016;2;88;85;15;14;0
308;CIÊNCIAS CONTÁBEIS;2016;2;840;728;83;48;39
309;CIÊNCIAS ECONÔMICAS;2016;2;907;761;92;62;56
310;CIÊNCIAS JURÍDICAS E SOCIAIS;2016;2;1741;1638;189;110;31
312;CIÊNCIAS SOCIAIS;2016;2;1132;848;53;42;120
313;COMUNICAÇÃO SOCIAL;2016;2;278;253;27;23;10
805;DANÇA;2016;2;171;139;7;14;14
1481;DESIGN DE PRODUTO;2016;2;257;216;25;9;16
1482;DESIGN VISUAL;2016;2;250;231;26;13;5
1330;EDUCAÇÃO DO CAMPO - LITORAL;2016;2;145;133;69;0;5
1336;EDUCAÇÃO DO CAMPO - PORTO ALEGRE;2016;2;114;104;66;0;4
314;EDUCAÇÃO FÍSICA;2016;2;1004;862;97;75;47
315;ENFERMAGEM;2016;2;485;449;45;36;11
526;ENGENHARIA AMBIENTAL;2016;2;198;183;14;9;8
316;ENGENHARIA CARTOGRÁFICA;2016;2;217;158;19;9;23
317;ENGENHARIA CIVIL;2016;2;1137;1052;90;86;41
319;ENGENHARIA DE ALIMENTOS;2016;2;199;171;21;16;21
318;ENGENHARIA DE COMPUTAÇÃO;2016;2;400;350;44;16;24
714;ENGENHARIA DE CONTROLE E AUTOMAÇÃO;2016;2;206;181;10;5;15
909;ENGENHARIA DE ENERGIA;2016;2;166;144;4;8;11
320;ENGENHARIA DE MATERIAIS;2016;2;214;178;12;13;21
321;ENGENHARIA DE MINAS;2016;2;185;159;10;7;16
322;ENGENHARIA DE PRODUÇÃO;2016;2;432;382;38;31;11
323;ENGENHARIA ELÉTRICA;2016;2;541;472;50;30;21
911;ENGENHARIA FÍSICA;2016;2;171;144;9;14;14
1077;ENGENHARIA HÍDRICA;2016;2;110;100;23;0;4
324;ENGENHARIA MECÂNICA;2016;2;823;741;59;48;33
325;ENGENHARIA METALÚRGICA;2016;2;347;288;26;16;44
326;ENGENHARIA QUÍMICA;2016;2;583;527;51;34;23
327;ESTATÍSTICA;2016;2;204;161;4;14;26
328;FARMÁCIA;2016;2;674;593;58;27;37
329;FILOSOFIA;2016;2;467;311;22;12;81
330;FÍSICA;2016;2;608;465;43;22;106
812;FISIOTERAPIA;2016;2;177;168;3;20;3
730;FONOAUDIOLOGIA;2016;2;142;129;8;14;2
331;GEOGRAFIA;2016;2;539;447;51;29;32
332;GEOLOGIA;2016;2;239;227;7;35;9
333;HISTÓRIA;2016;2;871;700;43;43;59
908;HISTÓRIA DA ARTE;2016;2;168;139;19;9;7
1332;INTERDISCIPLINAR EM CIÊNCIA E TECNOLOGIA - LITORAL NORTE;2016;2;148;118;3;0;16
1489;JORNALISMO;2016;2;256;235;24;26;6
334;LETRAS;2016;2;1114;946;31;73;63
335;MATEMÁTICA;2016;2;597;439;74;5;90
336;MEDICINA;2016;2;909;892;65;77;3
337;MEDICINA VETERINÁRIA;2016;2;623;589;52;36;12
731;MUSEOLOGIA;2016;2;159;132;11;3;11
338;MÚSICA;2016;2;353;308;7;38;11
339;NUTRIÇÃO;2016;2;311;285;29;28;8
340;ODONTOLOGIA;2016;2;630;596;58;54;16
341;PEDAGOGIA;2016;2;604;482;53;44;50
582;PEDAGOGIA - EAD;2016;2;260;215;0;0;0
914;POLÍTICAS PÚBLICAS;2016;2;240;200;9;16;13
342;PSICOLOGIA;2016;2;420;381;33;28;10
343;QUÍMICA;2016;2;724;579;88;36;55
357;RELAÇÕES INTERNACIONAIS;2016;2;281;251;4;39;11
1490;RELAÇÕES PÚBLICAS;2016;2;266;242;26;14;7
806;SAÚDE COLETIVA;2016;2;264;209;24;20;20
907;SERVIÇO SOCIAL;2016;2;158;143;7;14;9
302;TEATRO;2016;2;221;187;17;15;8
1071;ZOOTECNIA;2016;2;213;175;24;2;20
298;ADMINISTRAÇÃO;2017;1;1798;1540;127;91;97
1350;ADMINISTRAÇÃO PÚBLICA E SOCIAL;2017;1;164;147;42;0;11
299;AGRONOMIA;2017;1;533;474;44;40;29
300;ARQUITETURA E URBANISMO;2017;1;652;610;52;48;10
301;ARQUIVOLOGIA;2017;1;182;149;24;3;13
303;ARTES VISUAIS;2017;1;653;536;90;2;66
1289;BACHARELADO EM DESENVOLVIMENTO RURAL - EAD;2017;1;174;173;0;0;3
304;BIBLIOTECONOMIA;2017;1;367;302;29;14;25
361;BIOMEDICINA;2017;1;172;166;37;2;4
910;BIOTECNOLOGIA;2017;1;127;106;31;0;9
305;CIÊNCIA DA COMPUTAÇÃO;2017;1;711;609;92;23;36
306;CIÊNCIAS ATUARIAIS;2017;1;266;218;49;13;17
307;CIÊNCIAS BIOLÓGICAS;2017;1;641;568;48;26;30
585;CIÊNCIAS BIOLÓGICAS - CECLIMAR;2017;1;74;70;0;3;1
308;CIÊNCIAS CONTÁBEIS;2017;1;847;751;91;53;27
309;CIÊNCIAS ECONÔMICAS;2017;1;881;760;84;38;41
310;CIÊNCIAS JURÍDICAS E SOCIAIS;2017;1;1733;1628;131;76;32
312;CIÊNCIAS SOCIAIS;2017;1;1151;861;157;21;133
313;COMUNICAÇÃO SOCIAL;2017;1;271;237;26;15;11
805;DANÇA;2017;1;193;168;49;1;14
1481;DESIGN DE PRODUTO;2017;1;255;223;23;7;15
1482;DESIGN VISUAL;2017;1;249;224;16;8;9
1330;EDUCAÇÃO DO CAMPO - LITORAL;2017;1;140;110;0;0;26
1336;EDUCAÇÃO DO CAMPO - PORTO ALEGRE;2017;1;110;79;0;0;18
314;EDUCAÇÃO FÍSICA;2017;1;1021;858;86;56;56
315;ENFERMAGEM;2017;1;480;448;42;5;16
526;ENGENHARIA AMBIENTAL;2017;1;217;202;35;3;9
316;ENGENHARIA CARTOGRÁFICA;2017;1;210;157;23;2;26
317;ENGENHARIA CIVIL;2017;1;1092;1004;80;73;38
319;ENGENHARIA DE ALIMENTOS;2017;1;201;172;35;0;14
318;ENGENHARIA DE COMPUTAÇÃO;2017;1;411;367;51;12;18
714;ENGENHARIA DE CONTROLE E AUTOMAÇÃO;2017;1;229;203;42;3;12
909;ENGENHARIA DE ENERGIA;2017;1;180;166;32;3;3
320;ENGENHARIA DE MATERIAIS;2017;1;220;194;38;5;19
321;ENGENHARIA DE MINAS;2017;1;191;175;27;12;12
322;ENGENHARIA DE PRODUÇÃO;2017;1;428;381;38;25;15
323;ENGENHARIA ELÉTRICA;2017;1;543;476;49;26;29
911;ENGENHARIA FÍSICA;2017;1;182;155;39;2;9
1077;ENGENHARIA HÍDRICA;2017;1;107;94;1;0;11
324;ENGENHARIA MECÂNICA;2017;1;804;729;58;44;34
325;ENGENHARIA METALÚRGICA;2017;1;361;305;70;4;39
326;ENGENHARIA QUÍMICA;2017;1;592;541;66;17;25
327;ESTATÍSTICA;2017;1;199;161;33;6;18
328;FARMÁCIA;2017;1;659;574;47;46;42
329;FILOSOFIA;2017;1;439;328;63;5;51
330;FÍSICA;2017;1;628;527;120;11;79
812;FISIOTERAPIA;2017;1;186;180;32;1;3
730;FONOAUDIOLOGIA;2017;1;154;139;28;0;15
331;GEOGRAFIA;2017;1;535;439;42;16;48
332;GEOLOGIA;2017;1;241;227;46;0;7
333;HISTÓRIA;2017;1;918;724;114;15;85
908;HISTÓRIA DA ARTE;2017;1;187;153;34;0;14
1332;INTERDISCIPLINAR EM CIÊNCIA E TECNOLOGIA - LITORAL NORTE;2017;1;168;137;36;10;16
1489;JORNALISMO;2017;1;248;228;24;8;5
334;LETRAS;2017;1;1223;1045;228;46;78
335;MATEMÁTICA;2017;1;586;434;78;9;82
336;MEDICINA;2017;1;902;890;73;64;1
337;MEDICINA VETERINÁRIA;2017;1;634;605;58;31;10
731;MUSEOLOGIA;2017;1;170;141;24;4;13
338;MÚSICA;2017;1;378;331;69;7;19
339;NUTRIÇÃO;2017;1;315;283;39;25;12
340;ODONTOLOGIA;2017;1;600;565;37;39;21
341;PEDAGOGIA;2017;1;565;474;55;35;37
582;PEDAGOGIA - EAD;2017;1;260;200;0;0;0
914;POLÍTICAS PÚBLICAS;2017;1;254;213;43;4;21
342;PSICOLOGIA;2017;1;426;385;41;18;13
343;QUÍMICA;2017;1;708;569;64;8;68
357;RELAÇÕES INTERNACIONAIS;2017;1;292;258;61;6;10
1490;RELAÇÕES PÚBLICAS;2017;1;268;240;23;12;6
806;SAÚDE COLETIVA;2017;1;251;194;27;13;31
907;SERVIÇO SOCIAL;2017;1;172;154;37;9;6
302;TEATRO;2017;1;234;198;35;2;12
1071;ZOOTECNIA;2017;1;216;182;25;2;20
298;ADMINISTRAÇÃO;2017;2;1754;1494;139;130;84
1350;ADMINISTRAÇÃO PÚBLICA E SOCIAL;2017;2;196;168;43;0;11
299;AGRONOMIA;2017;2;506;442;41;39;27
300;ARQUITETURA E URBANISMO;2017;2;647;589;52;41;25
301;ARQUIVOLOGIA;2017;2;171;134;5;11;10
303;ARTES VISUAIS;2017;2;601;483;1;53;44
1289;BACHARELADO EM DESENVOLVIMENTO RURAL - EAD;2017;2;171;170;0;159;1
304;BIBLIOTECONOMIA;2017;2;362;303;32;36;25
361;BIOMEDICINA;2017;2;168;158;2;21;5
910;BIOTECNOLOGIA;2017;2;118;97;0;16;10
305;CIÊNCIA DA COMPUTAÇÃO;2017;2;690;605;38;30;31
306;CIÊNCIAS ATUARIAIS;2017;2;247;196;11;12;18
307;CIÊNCIAS BIOLÓGICAS;2017;2;635;577;45;68;33
585;CIÊNCIAS BIOLÓGICAS - CECLIMAR;2017;2;126;121;56;4;1
308;CIÊNCIAS CONTÁBEIS;2017;2;839;715;70;61;43
309;CIÊNCIAS ECONÔMICAS;2017;2;878;757;74;64;54
310;CIÊNCIAS JURÍDICAS E SOCIAIS;2017;2;1821;1696;196;140;31
312;CIÊNCIAS SOCIAIS;2017;2;1032;779;19;40;111
313;COMUNICAÇÃO SOCIAL;2017;2;269;253;24;23;8
805;DANÇA;2017;2;178;154;0;15;9
1549;DESENVOLVIMENTO REGIONAL - LITORAL NORTE;2017;2;1;1;1;0;0
1481;DESIGN DE PRODUTO;2017;2;256;226;23;12;11
1482;DESIGN VISUAL;2017;2;252;228;20;17;11
1330;EDUCAÇÃO DO CAMPO - LITORAL;2017;2;114;98;0;0;12
1336;EDUCAÇÃO DO CAMPO - PORTO ALEGRE;2017;2;92;74;0;0;11
314;EDUCAÇÃO FÍSICA;2017;2;1041;882;82;69;67
315;ENFERMAGEM;2017;2;507;481;46;39;5
526;ENGENHARIA AMBIENTAL;2017;2;206;187;1;17;14
316;ENGENHARIA CARTOGRÁFICA;2017;2;190;152;8;15;18
317;ENGENHARIA CIVIL;2017;2;1064;971;77;56;38
319;ENGENHARIA DE ALIMENTOS;2017;2;198;167;11;14;13
318;ENGENHARIA DE COMPUTAÇÃO;2017;2;414;365;32;13;23
714;ENGENHARIA DE CONTROLE E AUTOMAÇÃO;2017;2;221;194;7;17;15
909;ENGENHARIA DE ENERGIA;2017;2;180;157;6;1;4
1557;ENGENHARIA DE GESTÃO DE ENERGIA - LITORAL NORTE;2017;2;6;6;6;0;0
320;ENGENHARIA DE MATERIAIS;2017;2;201;171;5;11;16
321;ENGENHARIA DE MINAS;2017;2;173;151;6;5;11
322;ENGENHARIA DE PRODUÇÃO;2017;2;427;381;38;32;15
1554;ENGENHARIA DE SERVIÇOS - LITORAL NORTE;2017;2;1;1;1;0;0
323;ENGENHARIA ELÉTRICA;2017;2;528;468;39;24;22
911;ENGENHARIA FÍSICA;2017;2;172;144;1;7;15
1077;ENGENHARIA HÍDRICA;2017;2;123;105;25;2;11
324;ENGENHARIA MECÂNICA;2017;2;785;713;58;44;23
325;ENGENHARIA METALÚRGICA;2017;2;338;281;20;13;37
326;ENGENHARIA QUÍMICA;2017;2;605;541;54;46;27
327;ESTATÍSTICA;2017;2;178;145;3;13;21
328;FARMÁCIA;2017;2;627;565;54;39;26
329;FILOSOFIA;2017;2;421;325;29;9;52
330;FÍSICA;2017;2;593;469;34;24;89
812;FISIOTERAPIA;2017;2;184;168;2;31;5
730;FONOAUDIOLOGIA;2017;2;139;126;0;24;6
331;GEOGRAFIA;2017;2;510;426;32;28;32
332;GEOLOGIA;2017;2;234;219;0;30;9
333;HISTÓRIA;2017;2;856;674;24;47;59
908;HISTÓRIA DA ARTE;2017;2;174;142;1;12;13
1332;INTERDISCIPLINAR EM CIÊNCIA E TECNOLOGIA - LITORAL NORTE;2017;2;151;118;9;24;14
1489;JORNALISMO;2017;2;256;230;21;41;6
334;LETRAS;2017;2;1119;931;11;65;74
335;MATEMÁTICA;2017;2;564;455;58;24;72
336;MEDICINA;2017;2;907;896;70;69;4
337;MEDICINA VETERINÁRIA;2017;2;644;615;51;47;15
731;MUSEOLOGIA;2017;2;154;124;1;10;15
338;MÚSICA;2017;2;354;310;2;38;10
339;NUTRIÇÃO;2017;2;308;281;30;33;9
340;ODONTOLOGIA;2017;2;605;583;61;59;6
341;PEDAGOGIA;2017;2;554;474;59;33;36
582;PEDAGOGIA - EAD;2017;2;260;194;0;0;1
914;POLÍTICAS PÚBLICAS;2017;2;233;189;4;15;24
342;PSICOLOGIA;2017;2;431;398;35;37;15
343;QUÍMICA;2017;2;738;579;87;35;81
357;RELAÇÕES INTERNACIONAIS;2017;2;278;256;2;37;5
1490;RELAÇÕES PÚBLICAS;2017;2;275;247;25;41;7
806;SAÚDE COLETIVA;2017;2;246;208;39;15;25
907;SERVIÇO SOCIAL;2017;2;163;141;6;5;3
302;TEATRO;2017;2;230;190;8;13;14
1071;ZOOTECNIA;2017;2;220;186;26;6;14
